x,y,z,f,in,id,r,g,b,

105,177,6,1,75.3066280988179,1,1,0,0
109,173,4,2,80.6514669927373,1,1,0,0
109,174,4.16666666666667,3,95.1059950119147,1,1,0,0
109,171,4,4,87.985062823651,1,1,0,0
108,177,4,5,98.4842812030882,1,1,0,0
108,173,4,6,77.8624430429147,1,1,0,0
109,171,4.11111111111111,7,61.4773720602099,1,1,0,0
104,176,5,8,78.2442945322187,1,1,0,0
NaN,NaN,NaN,NaN,NaN,1,1,0,0
NaN,NaN,NaN,NaN,NaN,1,1,0,0
NaN,NaN,NaN,NaN,NaN,1,1,0,0
93,279,4,1,113.511518390106,2,1,0,0
94,278,4,2,165.354814808101,2,1,0,0
92,274,4.11111111111111,3,125.990693227734,2,1,0,0
94,275,4,4,163.410394656669,2,1,0,0
94,277,4,5,187.874070883505,2,1,0,0
94,274,4,6,138.058754019847,2,1,0,0
94,276,4,7,176.046349218111,2,1,0,0
93,280,4,8,130.720029920705,2,1,0,0
NaN,NaN,NaN,NaN,NaN,2,1,0,0
NaN,NaN,NaN,NaN,NaN,2,1,0,0
NaN,NaN,NaN,NaN,NaN,2,1,0,0
33,193,5.94444444444444,1,104.708314101451,3,1,0,0
33,193,5.88888888888889,2,107.534976040842,3,1,0,0
30,188,6,3,111.560631821414,3,1,0,0
29,194,6,4,113.395156009756,3,1,0,0
30,195,6,5,90.6224893121796,3,1,0,0
33,195,5,6,102.123737353435,3,1,0,0
30,190,6,7,98.5429743819563,3,1,0,0
31,198,4,8,70.6792064789981,3,1,0,0
NaN,NaN,NaN,NaN,NaN,3,1,0,0
NaN,NaN,NaN,NaN,NaN,3,1,0,0
NaN,NaN,NaN,NaN,NaN,3,1,0,0
89,186,3,1,497.577067573731,4,1,0,0
91,179,3,2,542.296658779412,4,1,0,0
89,183,3,3,697.882928861715,4,1,0,0
90,181,3,4,583.979776074611,4,1,0,0
91,180,3,5,524.164231184086,4,1,0,0
90,182,3,6,566.489091259326,4,1,0,0
87,185,3.11111111111111,7,393.930183894995,4,1,0,0
88,182,3,8,577.271670055096,4,1,0,0
NaN,NaN,NaN,NaN,NaN,4,1,0,0
NaN,NaN,NaN,NaN,NaN,4,1,0,0
NaN,NaN,NaN,NaN,NaN,4,1,0,0
112,159,0.833333333333333,1,78.4045298378953,5,1,0,0
116,157,0.722222222222223,2,65.2442618361901,5,1,0,0
111,161,0.833333333333333,3,68.3573209965745,5,1,0,0
116,157,1,4,65.8313507006277,5,1,0,0
114,160,1,5,73.6449513737126,5,1,0,0
115,159,3,6,70.3743691941272,5,1,0,0
114,156,3.11111111111111,7,60.6624528949215,5,1,0,0
113,160,4,8,104.025885266855,5,1,0,0
NaN,NaN,NaN,NaN,NaN,5,1,0,0
NaN,NaN,NaN,NaN,NaN,5,1,0,0
NaN,NaN,NaN,NaN,NaN,5,1,0,0
84,209,8.83333333333334,1,60.8074097584652,6,1,0,0
87,209,8.72222222222222,2,81.660863235178,6,1,0,0
87,211,8.83333333333333,3,73.3181929030451,6,1,0,0
82,215,9,4,21.7316792200817,6,1,0,0
87,208,8,5,75.6810942297112,6,1,0,0
90,213,8,6,60.0490862030821,6,1,0,0
90,211,9,7,68.6217493930217,6,1,0,0
84,214,8,8,42.5084180874575,6,1,0,0
NaN,NaN,NaN,NaN,NaN,6,1,0,0
NaN,NaN,NaN,NaN,NaN,6,1,0,0
NaN,NaN,NaN,NaN,NaN,6,1,0,0
121,122,4.11111111111111,1,122.213004649335,7,1,0,0
122,117,4,2,133.4989296495,7,1,0,0
122,120,4,3,136.027229098283,7,1,0,0
124,116,5,4,101.932987841081,7,1,0,0
123,118,4,5,104.537929733207,7,1,0,0
125,116,4,6,86.8814307871728,7,1,0,0
127,117,5,7,89.483403135839,7,1,0,0
122,118,4,8,137.311146704798,7,1,0,0
NaN,NaN,NaN,NaN,NaN,7,1,0,0
NaN,NaN,NaN,NaN,NaN,7,1,0,0
NaN,NaN,NaN,NaN,NaN,7,1,0,0
35,120,3.11111111111111,1,230.039792969849,8,1,0,0
37,122,3,2,232.749943775722,8,1,0,0
37,124,3,3,171.5707962314,8,1,0,0
38,122,3.16666666666667,4,213.340452054553,8,1,0,0
36,122,3,5,218.105474866761,8,1,0,0
36,121,3,6,196.412128771823,8,1,0,0
37,121,3,7,214.303957721742,8,1,0,0
36,119,3,8,208.650252419513,8,1,0,0
NaN,NaN,NaN,NaN,NaN,8,1,0,0
NaN,NaN,NaN,NaN,NaN,8,1,0,0
NaN,NaN,NaN,NaN,NaN,8,1,0,0
118,192,5.16666666666667,1,131.928089071566,9,1,0,0
116,196,5,2,172.08067114822,9,1,0,0
117,193,5,3,148.58827595574,9,1,0,0
116,197,5,4,150.640682617189,9,1,0,0
113,200,4.88888888888889,5,118.918940745496,9,1,0,0
117,196,5,6,157.477834095966,9,1,0,0
118,193,5,7,114.472054250641,9,1,0,0
117,193,5,8,114.6723670212,9,1,0,0
NaN,NaN,NaN,NaN,NaN,9,1,0,0
NaN,NaN,NaN,NaN,NaN,9,1,0,0
NaN,NaN,NaN,NaN,NaN,9,1,0,0
94,249,6.88888888888888,1,75.2003405756299,10,1,0,0
94,247,6.83333333333333,2,81.5036659089718,10,1,0,0
92,245,6.94444444444445,3,74.2951993460012,10,1,0,0
94,246,7.11111111111111,4,55.7811983679696,10,1,0,0
93,245,7,5,74.0394178899213,10,1,0,0
89,247,8,6,73.2557751932537,10,1,0,0
95,243,8,7,66.4426281332369,10,1,0,0
90,244,7.88888888888889,8,74.0309068401777,10,1,0,0
NaN,NaN,NaN,NaN,NaN,10,1,0,0
NaN,NaN,NaN,NaN,NaN,10,1,0,0
NaN,NaN,NaN,NaN,NaN,10,1,0,0
57,207,8,1,29.1122158303219,11,1,0,0
58,207,7,2,45.2780088777589,11,1,0,0
62,207,7.11111111111111,3,39.3119092128921,11,1,0,0
54,204,8,4,35.9308989233267,11,1,0,0
60,207,7,5,55.502743690349,11,1,0,0
56,206,8,6,61.2893887749051,11,1,0,0
55,198,8.05555555555556,7,46.6137398260938,11,1,0,0
49,196,7.94444444444444,8,7.01944694019325,11,1,0,0
NaN,NaN,NaN,NaN,NaN,11,1,0,0
NaN,NaN,NaN,NaN,NaN,11,1,0,0
NaN,NaN,NaN,NaN,NaN,11,1,0,0
80,272,2.77777777777778,1,76.6431768839399,12,1,0,0
74,270,2.77777777777778,2,49.3769162607649,12,1,0,0
81,271,2.88888888888889,3,62.9381448462715,12,1,0,0
81,267,3.05555555555556,4,76.086020799245,12,1,0,0
77,273,3,5,73.7673412628455,12,1,0,0
80,267,3,6,140.777530837408,12,1,0,0
81,269,3.11111111111111,7,114.374671063377,12,1,0,0
80,267,3,8,138.798641172917,12,1,0,0
NaN,NaN,NaN,NaN,NaN,12,1,0,0
NaN,NaN,NaN,NaN,NaN,12,1,0,0
NaN,NaN,NaN,NaN,NaN,12,1,0,0
65,415,3.77777777777778,1,82.553945773434,13,1,0,0
66,414,3.72222222222222,2,86.1218936919706,13,1,0,0
65,411,3.83333333333333,3,91.9838396770859,13,1,0,0
65,415,4,4,103.975184588867,13,1,0,0
65,415,4,5,133.424624858451,13,1,0,0
66,412,4,6,127.168014986828,13,1,0,0
66,411,4.16666666666667,7,131.985438136599,13,1,0,0
66,411,4,8,128.323066669992,13,1,0,0
NaN,NaN,NaN,NaN,NaN,13,1,0,0
NaN,NaN,NaN,NaN,NaN,13,1,0,0
NaN,NaN,NaN,NaN,NaN,13,1,0,0
46,308,3.83333333333333,1,75.8327023597228,14,1,0,0
45,310,3.77777777777778,2,75.8469186865139,14,1,0,0
47,310,3.88888888888889,3,55.8896053433269,14,1,0,0
41,306,4.05555555555556,4,34.8993483807099,14,1,0,0
42,311,4,5,70.290917145343,14,1,0,0
45,309,3,6,86.5988422098558,14,1,0,0
44,312,4,7,78.2033050919565,14,1,0,0
44,314,3.83333333333333,8,67.2293569286131,14,1,0,0
NaN,NaN,NaN,NaN,NaN,14,1,0,0
NaN,NaN,NaN,NaN,NaN,14,1,0,0
NaN,NaN,NaN,NaN,NaN,14,1,0,0
117,95,3,1,105.467039933014,15,1,0,0
119,93,3,2,150.417235960255,15,1,0,0
121,97,3,3,86.1591019367893,15,1,0,0
119,91,3,4,116.385142953648,15,1,0,0
121,96,2.94444444444444,5,125.559362396166,15,1,0,0
120,91,3.05555555555555,6,127.449718534341,15,1,0,0
118,93,3.11111111111111,7,118.364181802753,15,1,0,0
120,91,3.16666666666667,8,134.149402013456,15,1,0,0
NaN,NaN,NaN,NaN,NaN,15,1,0,0
NaN,NaN,NaN,NaN,NaN,15,1,0,0
NaN,NaN,NaN,NaN,NaN,15,1,0,0
91,165,9.11111111111111,1,58.8024541026976,16,1,0,0
97,162,9,2,98.2863032743776,16,1,0,0
98,163,9,3,99.098832589443,16,1,0,0
97,159,9,4,81.5166887304066,16,1,0,0
96,160,8,5,106.163507214976,16,1,0,0
88,166,8.11111111111111,6,43.3767366356493,16,1,0,0
97,162,8.22222222222222,7,101.752437036776,16,1,0,0
96,163,8.22222222222222,8,118.8590856232,16,1,0,0
NaN,NaN,NaN,NaN,NaN,16,1,0,0
NaN,NaN,NaN,NaN,NaN,16,1,0,0
NaN,NaN,NaN,NaN,NaN,16,1,0,0
64,143,1.11111111111111,1,85.2314109927149,17,1,0,0
62,144,1,2,60.5572419618524,17,1,0,0
62,138,1,3,76.5555380995933,17,1,0,0
65,140,1,4,98.556143129167,17,1,0,0
63,140,0.833333333333333,5,82.0404135849307,17,1,0,0
64,141,0.944444444444444,6,91.5611800557859,17,1,0,0
63,136,1.16666666666667,7,63.1530799725149,17,1,0,0
60,142,1.05555555555555,8,87.4701761611959,17,1,0,0
NaN,NaN,NaN,NaN,NaN,17,1,0,0
NaN,NaN,NaN,NaN,NaN,17,1,0,0
NaN,NaN,NaN,NaN,NaN,17,1,0,0
62,207,2.88888888888889,1,125.193311059408,18,1,0,0
60,207,2.88888888888889,2,117.211759632353,18,1,0,0
62,209,3,3,120.636084394883,18,1,0,0
67,202,4,4,113.019598636824,18,1,0,0
63,209,3,5,109.493164376597,18,1,0,0
67,203,3.05555555555556,6,60.6237778771429,18,1,0,0
61,208,3.11111111111111,7,93.912721231274,18,1,0,0
66,203,3.05555555555556,8,42.7362374682764,18,1,0,0
NaN,NaN,NaN,NaN,NaN,18,1,0,0
NaN,NaN,NaN,NaN,NaN,18,1,0,0
NaN,NaN,NaN,NaN,NaN,18,1,0,0
116,145,5,1,79.8756980208414,19,1,0,0
117,149,4.88888888888889,2,61.8303004040027,19,1,0,0
119,144,5,3,102.787628987058,19,1,0,0
120,144,4,4,112.396687962765,19,1,0,0
117,142,3,5,111.851871462689,19,1,0,0
118,141,3,6,107.203282346589,19,1,0,0
116,147,3.05555555555556,7,57.5493103842321,19,1,0,0
120,144,3.05555555555556,8,75.0798213860239,19,1,0,0
NaN,NaN,NaN,NaN,NaN,19,1,0,0
NaN,NaN,NaN,NaN,NaN,19,1,0,0
NaN,NaN,NaN,NaN,NaN,19,1,0,0
74,216,4.72222222222222,1,22.1196370922673,20,1,0,0
65,209,4.72222222222222,2,32.4212489580677,20,1,0,0
65,208,4.83333333333333,3,28.7879849562691,20,1,0,0
65,207,5,4,19.757234587033,20,1,0,0
64,207,7,5,41.6906962110428,20,1,0,0
66,216,8,6,36.5583811616104,20,1,0,0
60,210,8.11111111111111,7,32.5526931475649,20,1,0,0
63,210,8.05555555555556,8,30.967294412203,20,1,0,0
NaN,NaN,NaN,NaN,NaN,20,1,0,0
NaN,NaN,NaN,NaN,NaN,20,1,0,0
NaN,NaN,NaN,NaN,NaN,20,1,0,0
68,123,1,1,170.910804736993,21,1,0,0
63,129,0.888888888888889,2,128.824083498546,21,1,0,0
68,124,1,3,111.701611597355,21,1,0,0
69,123,1.16666666666667,4,124.122515732872,21,1,0,0
65,129,1,5,79.488037366811,21,1,0,0
69,125,1,6,176.839162771177,21,1,0,0
67,121,1,7,199.811920537562,21,1,0,0
66,126,0.888888888888889,8,110.651751156149,21,1,0,0
NaN,NaN,NaN,NaN,NaN,21,1,0,0
NaN,NaN,NaN,NaN,NaN,21,1,0,0
NaN,NaN,NaN,NaN,NaN,21,1,0,0
93,121,0.611111111111111,1,70.1279103508441,22,1,0,0
93,124,0.5,2,85.5866541895951,22,1,0,0
96,127,0.611111111111111,3,43.1554987347358,22,1,0,0
93,121,0.777777777777777,4,84.3274946855621,22,1,0,0
94,123,0.611111111111111,5,80.2946550759995,22,1,0,0
96,127,0.833333333333333,6,37.4018929523728,22,1,0,0
94,124,1,7,62.759154451084,22,1,0,0
95,122,1,8,68.0014443259712,22,1,0,0
NaN,NaN,NaN,NaN,NaN,22,1,0,0
NaN,NaN,NaN,NaN,NaN,22,1,0,0
NaN,NaN,NaN,NaN,NaN,22,1,0,0
77,193,0.666666666666668,1,211.022040749633,23,1,0,0
87,185,0.555555555555556,2,462.753939457017,23,1,0,0
82,186,0.666666666666667,3,412.560290646358,23,1,0,0
85,188,0.833333333333334,4,453.647912792814,23,1,0,0
81,183,0.666666666666667,5,496.607880389792,23,1,0,0
85,183,0.833333333333333,6,483.739800883227,23,1,0,0
83,187,0.944444444444445,7,470.955010236689,23,1,0,0
82,187,0.888888888888889,8,439.777790212821,23,1,0,0
NaN,NaN,NaN,NaN,NaN,23,1,0,0
NaN,NaN,NaN,NaN,NaN,23,1,0,0
NaN,NaN,NaN,NaN,NaN,23,1,0,0
71,374,2.83333333333333,1,190.988415022255,24,1,0,0
71,378,2.77777777777778,2,204.699266481364,24,1,0,0
72,371,2.88888888888889,3,141.911344089659,24,1,0,0
71,376,3.05555555555555,4,229.871770122446,24,1,0,0
71,373,3,5,183.170062685215,24,1,0,0
71,377,2.94444444444444,6,191.432898494312,24,1,0,0
70,381,3.11111111111111,7,170.158144944627,24,1,0,0
70,377,2.94444444444444,8,187.424240591181,24,1,0,0
NaN,NaN,NaN,NaN,NaN,24,1,0,0
NaN,NaN,NaN,NaN,NaN,24,1,0,0
NaN,NaN,NaN,NaN,NaN,24,1,0,0
33,185,3.83333333333333,1,75.9857536432657,25,1,0,0
32,185,3.66666666666666,2,39.6518445814471,25,1,0,0
35,183,3.77777777777777,3,85.8513206132324,25,1,0,0
35,181,3.94444444444444,4,81.1117181995212,25,1,0,0
34,175,3.83333333333333,5,45.6660226107291,25,1,0,0
36,185,3.83333333333333,6,55.7867636139609,25,1,0,0
34,185,3.88888888888889,7,63.6393325818644,25,1,0,0
38,181,3.94444444444444,8,76.2400291131232,25,1,0,0
NaN,NaN,NaN,NaN,NaN,25,1,0,0
NaN,NaN,NaN,NaN,NaN,25,1,0,0
NaN,NaN,NaN,NaN,NaN,25,1,0,0
90,132,1,1,57.1328036242403,26,1,0,0
96,131,1,2,47.2159745864681,26,1,0,0
94,133,1.11111111111111,3,54.8499191283354,26,1,0,0
95,133,1.27777777777778,4,58.7270453966885,26,1,0,0
94,123,1.11111111111111,5,82.458219577583,26,1,0,0
91,130,1.22222222222222,6,90.067142105426,26,1,0,0
92,132,1.38888888888889,7,71.0646383639102,26,1,0,0
95,132,1.38888888888889,8,76.4423959298586,26,1,0,0
NaN,NaN,NaN,NaN,NaN,26,1,0,0
NaN,NaN,NaN,NaN,NaN,26,1,0,0
NaN,NaN,NaN,NaN,NaN,26,1,0,0
92,155,1,1,239.218236890544,27,1,0,0
96,148,1,2,228.678541450836,27,1,0,0
91,154,1.11111111111111,3,231.208924020741,27,1,0,0
91,155,1.27777777777778,4,214.913751365223,27,1,0,0
91,154,1.11111111111111,5,177.069167909721,27,1,0,0
96,154,1.22222222222222,6,272.775864124826,27,1,0,0
95,151,1.33333333333333,7,303.825313772797,27,1,0,0
97,149,1.33333333333333,8,235.203341278291,27,1,0,0
NaN,NaN,NaN,NaN,NaN,27,1,0,0
NaN,NaN,NaN,NaN,NaN,27,1,0,0
NaN,NaN,NaN,NaN,NaN,27,1,0,0
108,192,1,1,17.02401231547,28,1,0,0
98,186,2,2,45.1884409347156,28,1,0,0
108,184,2.11111111111111,3,20.4102619943603,28,1,0,0
108,180,2.22222222222222,4,42.323313855328,28,1,0,0
108,181,2.11111111111111,5,44.3638166177998,28,1,0,0
105,182,2.33333333333333,6,24.3348013757332,28,1,0,0
99,189,2.5,7,40.21281708025,28,1,0,0
96,179,2.38888888888889,8,72.114119071202,28,1,0,0
NaN,NaN,NaN,NaN,NaN,28,1,0,0
NaN,NaN,NaN,NaN,NaN,28,1,0,0
NaN,NaN,NaN,NaN,NaN,28,1,0,0
98,71,2,1,65.1730189570454,29,1,0,0
97,70,3,2,74.5748194422564,29,1,0,0
96,69,3.11111111111111,3,62.1741639589553,29,1,0,0
97,73,3.22222222222222,4,51.4649110510441,29,1,0,0
97,68,3.11111111111111,5,46.429661197094,29,1,0,0
98,73,3.27777777777778,6,27.0603699072113,29,1,0,0
96,67,3.38888888888889,7,47.6975098240376,29,1,0,0
93,68,3.38888888888889,8,35.2937067307119,29,1,0,0
NaN,NaN,NaN,NaN,NaN,29,1,0,0
NaN,NaN,NaN,NaN,NaN,29,1,0,0
NaN,NaN,NaN,NaN,NaN,29,1,0,0
128,62,3,1,30.6554761926547,30,1,0,0
132,60,3,2,93.1763694604462,30,1,0,0
133,57,3.11111111111111,3,107.121119248426,30,1,0,0
132,55,3.22222222222222,4,127.342589020472,30,1,0,0
132,57,3.11111111111111,5,120.52828393513,30,1,0,0
134,56,3.22222222222222,6,99.9317367688119,30,1,0,0
132,58,3.33333333333333,7,96.2339098058484,30,1,0,0
135,57,3.33333333333333,8,74.1858039316935,30,1,0,0
NaN,NaN,NaN,NaN,NaN,30,1,0,0
NaN,NaN,NaN,NaN,NaN,30,1,0,0
NaN,NaN,NaN,NaN,NaN,30,1,0,0
93,153,4,1,50.7319003924958,31,1,0,0
100,159,4,2,33.8178129703997,31,1,0,0
104,163,4.11111111111111,3,25.618332057123,31,1,0,0
104,155,4.22222222222222,4,42.7240541653948,31,1,0,0
99,158,4.11111111111111,5,28.5511940872728,31,1,0,0
105,154,4.22222222222222,6,35.8880135577826,31,1,0,0
105,153,4.33333333333334,7,65.2609597703943,31,1,0,0
104,153,4.33333333333334,8,50.0518402235329,31,1,0,0
NaN,NaN,NaN,NaN,NaN,31,1,0,0
NaN,NaN,NaN,NaN,NaN,31,1,0,0
NaN,NaN,NaN,NaN,NaN,31,1,0,0
106,229,6,1,39.5979934389804,32,1,0,0
103,232,6,2,25.3743190560175,32,1,0,0
102,222,6.11111111111111,3,27.473532955504,32,1,0,0
103,232,6.22222222222222,4,31.9418897606792,32,1,0,0
102,232,6.16666666666667,5,36.7930938441791,32,1,0,0
106,232,6.38888888888889,6,32.4992618880177,32,1,0,0
108,223,6.50000000000001,7,16.0874130557326,32,1,0,0
101,221,6.44444444444446,8,27.0773259168188,32,1,0,0
NaN,NaN,NaN,NaN,NaN,32,1,0,0
NaN,NaN,NaN,NaN,NaN,32,1,0,0
NaN,NaN,NaN,NaN,NaN,32,1,0,0
46,173,2.11111111111111,1,163.3372319563,33,1,0,0
51,172,2,2,123.366714197907,33,1,0,0
47,170,2,3,104.801104187463,33,1,0,0
52,177,2.16666666666667,4,71.0245900425593,33,1,0,0
48,175,2,5,111.432223241363,33,1,0,0
51,176,1.94444444444444,6,77.9927033708216,33,1,0,0
51,174,2.05555555555555,7,91.4038482651146,33,1,0,0
48,176,2,8,98.4902229456,33,1,0,0
NaN,NaN,NaN,NaN,NaN,33,1,0,0
NaN,NaN,NaN,NaN,NaN,33,1,0,0
NaN,NaN,NaN,NaN,NaN,33,1,0,0
48,135,5.11111111111111,1,24.6325761781554,34,1,0,0
38,130,5,2,20.5311349969204,34,1,0,0
48,132,7,3,13.5265193211158,34,1,0,0
49,123,7.16666666666667,4,24.9086301590509,34,1,0,0
42,132,7,5,25.7280358301247,34,1,0,0
38,122,7.05555555555556,6,23.8964501731468,34,1,0,0
43,129,7.27777777777778,7,27.7550319641842,34,1,0,0
38,131,7.16666666666666,8,8.69947903978646,34,1,0,0
NaN,NaN,NaN,NaN,NaN,34,1,0,0
NaN,NaN,NaN,NaN,NaN,34,1,0,0
NaN,NaN,NaN,NaN,NaN,34,1,0,0
116,342,6,1,26.087551754946,35,1,0,0
125,345,6,2,19.2425143487891,35,1,0,0
120,342,6,3,25.2249664548834,35,1,0,0
123,338,6.16666666666667,4,22.629854566336,35,1,0,0
121,337,6.05555555555556,5,14.8772609980588,35,1,0,0
117,347,6,6,24.7751799359997,35,1,0,0
115,342,6.05555555555556,7,17.2176864279,35,1,0,0
120,342,6,8,21.5682184528005,35,1,0,0
NaN,NaN,NaN,NaN,NaN,35,1,0,0
NaN,NaN,NaN,NaN,NaN,35,1,0,0
NaN,NaN,NaN,NaN,NaN,35,1,0,0
81,144,1,1,150.950127054867,36,1,0,0
80,144,0.888888888888889,2,129.185695623729,36,1,0,0
78,142,1,3,134.480603921433,36,1,0,0
80,145,1,4,124.526111460509,36,1,0,0
80,138,0.833333333333333,5,126.850987778319,36,1,0,0
79,141,0.944444444444444,6,128.806753706714,36,1,0,0
80,141,1.05555555555556,7,106.225150287502,36,1,0,0
79,145,1.05555555555556,8,95.8084058128191,36,1,0,0
NaN,NaN,NaN,NaN,NaN,36,1,0,0
NaN,NaN,NaN,NaN,NaN,36,1,0,0
NaN,NaN,NaN,NaN,NaN,36,1,0,0
53,147,1,1,285.895865164292,37,1,0,0
53,140,0.888888888888889,2,218.417931855841,37,1,0,0
53,142,1,3,249.555040098713,37,1,0,0
51,146,1,4,245.222989983579,37,1,0,0
53,141,0.888888888888889,5,248.01458412548,37,1,0,0
51,144,0.944444444444445,6,292.184168071617,37,1,0,0
52,143,1.16666666666667,7,287.777103062924,37,1,0,0
53,140,1.05555555555556,8,175.043422491436,37,1,0,0
NaN,NaN,NaN,NaN,NaN,37,1,0,0
NaN,NaN,NaN,NaN,NaN,37,1,0,0
NaN,NaN,NaN,NaN,NaN,37,1,0,0
78,215,1.94444444444444,1,105.361087338234,38,1,0,0
77,215,1.88888888888889,2,107.415652524896,38,1,0,0
76,217,2,3,108.989319502709,38,1,0,0
76,215,2,4,117.014775940932,38,1,0,0
77,220,1.77777777777778,5,97.4024431084799,38,1,0,0
75,217,1.72222222222222,6,104.589416324293,38,1,0,0
75,213,1.83333333333333,7,110.036459297883,38,1,0,0
77,216,1.83333333333333,8,111.330224736871,38,1,0,0
NaN,NaN,NaN,NaN,NaN,38,1,0,0
NaN,NaN,NaN,NaN,NaN,38,1,0,0
NaN,NaN,NaN,NaN,NaN,38,1,0,0
57,201,2.88888888888889,1,85.7485984037076,39,1,0,0
57,199,2.88888888888889,2,105.250458102827,39,1,0,0
54,195,3,3,94.6601686172431,39,1,0,0
55,194,3,4,95.9644495770197,39,1,0,0
56,193,2.94444444444444,5,137.856135217608,39,1,0,0
54,193,2.88888888888889,6,104.562364067949,39,1,0,0
50,193,2.94444444444444,7,79.6056363565199,39,1,0,0
55,193,2.83333333333333,8,118.581279926136,39,1,0,0
NaN,NaN,NaN,NaN,NaN,39,1,0,0
NaN,NaN,NaN,NaN,NaN,39,1,0,0
NaN,NaN,NaN,NaN,NaN,39,1,0,0
61,177,7.05555555555555,1,31.2011964083075,40,1,0,0
62,187,6.88888888888889,2,47.8120228544809,40,1,0,0
61,178,7,3,32.1903100435985,40,1,0,0
68,187,9,4,41.9463045697104,40,1,0,0
68,186,8.94444444444444,5,51.0092590471878,40,1,0,0
71,181,8.88888888888889,6,38.4838434484494,40,1,0,0
72,185,9,7,51.8644548455595,40,1,0,0
71,180,8.94444444444444,8,26.6535937790301,40,1,0,0
NaN,NaN,NaN,NaN,NaN,40,1,0,0
NaN,NaN,NaN,NaN,NaN,40,1,0,0
NaN,NaN,NaN,NaN,NaN,40,1,0,0
71,189,8,1,21.5910286506646,41,1,0,0
76,191,7.88888888888889,2,37.90228191691,41,1,0,0
82,194,8,3,35.4431427524077,41,1,0,0
80,193,9,4,23.6119170057634,41,1,0,0
80,184,8.83333333333333,5,35.1920023502706,41,1,0,0
73,194,8.83333333333333,6,46.7249245536571,41,1,0,0
78,184,8.88888888888889,7,23.2500061860588,41,1,0,0
68,194,8.83333333333333,8,1.88466383849632,41,1,0,0
NaN,NaN,NaN,NaN,NaN,41,1,0,0
NaN,NaN,NaN,NaN,NaN,41,1,0,0
NaN,NaN,NaN,NaN,NaN,41,1,0,0
125,138,3.77777777777778,1,57.5168201247302,42,1,0,0
125,140,3.66666666666667,2,80.7983589642685,42,1,0,0
122,131,3.77777777777778,3,40.2104667035011,42,1,0,0
126,131,4,4,33.7615495237469,42,1,0,0
122,135,5,5,59.7363531505937,42,1,0,0
124,141,5.16666666666667,6,99.4127476819638,42,1,0,0
123,141,5.16666666666667,7,85.0608345671367,42,1,0,0
122,131,5.16666666666667,8,50.7785309047402,42,1,0,0
NaN,NaN,NaN,NaN,NaN,42,1,0,0
NaN,NaN,NaN,NaN,NaN,42,1,0,0
NaN,NaN,NaN,NaN,NaN,42,1,0,0
52,189,6.88888888888888,1,51.6853904175353,43,1,0,0
52,191,6.72222222222222,2,49.4548031202436,43,1,0,0
49,188,6.83333333333333,3,25.7669282530833,43,1,0,0
54,192,7,4,47.9838104182551,43,1,0,0
54,189,8,5,51.6125706549052,43,1,0,0
56,188,7.94444444444444,6,51.4880641325447,43,1,0,0
56,189,8.05555555555556,7,38.5154938585267,43,1,0,0
55,181,8,8,21.9546950399487,43,1,0,0
NaN,NaN,NaN,NaN,NaN,43,1,0,0
NaN,NaN,NaN,NaN,NaN,43,1,0,0
NaN,NaN,NaN,NaN,NaN,43,1,0,0
62,278,7.72222222222222,1,78.2391423855301,44,1,0,0
57,273,7.72222222222222,2,60.7163621615554,44,1,0,0
58,275,7.83333333333333,3,89.3460312450928,44,1,0,0
58,274,8,4,72.3018277378216,44,1,0,0
57,279,8,5,64.4150054494143,44,1,0,0
61,278,7.94444444444444,6,60.3833798789946,44,1,0,0
57,274,8,7,49.0050094337324,44,1,0,0
57,274,7.83333333333333,8,60.2879012609041,44,1,0,0
NaN,NaN,NaN,NaN,NaN,44,1,0,0
NaN,NaN,NaN,NaN,NaN,44,1,0,0
NaN,NaN,NaN,NaN,NaN,44,1,0,0
89,119,8.83333333333334,1,20.3466191910768,45,1,0,0
85,117,8.72222222222222,2,43.4608539563499,45,1,0,0
87,114,8.83333333333333,3,65.1675978928725,45,1,0,0
92,114,9,4,36.5106347497256,45,1,0,0
85,115,9,5,36.807759042801,45,1,0,0
90,115,9.22222222222222,6,52.2418342226563,45,1,0,0
86,113,9.38888888888889,7,54.1982605541369,45,1,0,0
86,116,9.44444444444444,8,52.3061432141595,45,1,0,0
NaN,NaN,NaN,NaN,NaN,45,1,0,0
NaN,NaN,NaN,NaN,NaN,45,1,0,0
NaN,NaN,NaN,NaN,NaN,45,1,0,0
65,167,0.833333333333333,1,73.0485325986975,46,1,0,0
65,167,0.722222222222223,2,69.4628660492894,46,1,0,0
59,167,0.833333333333333,3,31.7087348648841,46,1,0,0
66,168,1,4,51.1198317458337,46,1,0,0
66,170,1,5,93.2041663248317,46,1,0,0
62,167,1,6,78.4416118664616,46,1,0,0
61,165,1.11111111111111,7,36.1503304564546,46,1,0,0
63,170,1.05555555555556,8,88.575295228599,46,1,0,0
NaN,NaN,NaN,NaN,NaN,46,1,0,0
NaN,NaN,NaN,NaN,NaN,46,1,0,0
NaN,NaN,NaN,NaN,NaN,46,1,0,0
81,295,0.833333333333334,1,49.7593955145821,47,1,0,0
73,299,0.833333333333333,2,21.9359299321975,47,1,0,0
80,297,0.888888888888889,3,43.7205725306969,47,1,0,0
84,302,1.05555555555556,4,45.4490705232147,47,1,0,0
84,300,1,5,45.7318946700829,47,1,0,0
79,295,1,6,32.6729251938144,47,1,0,0
84,305,1.16666666666667,7,24.2257318970985,47,1,0,0
82,303,1.05555555555556,8,21.1380678254188,47,1,0,0
NaN,NaN,NaN,NaN,NaN,47,1,0,0
NaN,NaN,NaN,NaN,NaN,47,1,0,0
NaN,NaN,NaN,NaN,NaN,47,1,0,0
118,67,2.88888888888889,1,11.4241432805014,48,1,0,0
119,77,2.77777777777778,2,27.0621174770089,48,1,0,0
119,77,2.88888888888889,3,23.069636270218,48,1,0,0
127,71,3.05555555555556,4,27.8993404415075,48,1,0,0
129,71,3,5,36.3645234278744,48,1,0,0
127,71,4,6,29.9543288640002,48,1,0,0
122,76,4.11111111111111,7,31.2320022297764,48,1,0,0
121,76,4.16666666666667,8,33.4402559547288,48,1,0,0
NaN,NaN,NaN,NaN,NaN,48,1,0,0
NaN,NaN,NaN,NaN,NaN,48,1,0,0
NaN,NaN,NaN,NaN,NaN,48,1,0,0
78,180,6.11111111111111,1,33.0217408953899,49,1,0,0
76,190,5.94444444444445,2,24.5886403476593,49,1,0,0
82,188,6.05555555555556,3,30.6231804136407,49,1,0,0
77,189,6.16666666666667,4,43.3103341595828,49,1,0,0
78,180,6,5,26.6650918464348,49,1,0,0
84,180,6,6,47.7207557128595,49,1,0,0
79,180,6.11111111111111,7,26.91552299606,49,1,0,0
73,183,6.05555555555556,8,20.393273997493,49,1,0,0
NaN,NaN,NaN,NaN,NaN,49,1,0,0
NaN,NaN,NaN,NaN,NaN,49,1,0,0
NaN,NaN,NaN,NaN,NaN,49,1,0,0
82,124,0.722222222222223,1,246.910261106702,50,1,0,0
87,123,0.611111111111112,2,209.790700096337,50,1,0,0
83,125,0.722222222222223,3,182.825480147139,50,1,0,0
84,125,0.888888888888889,4,144.635698578733,50,1,0,0
87,124,0.777777777777778,5,83.1635885366748,50,1,0,0
87,124,1,6,82.7658313033985,50,1,0,0
80,123,1,7,149.322347648091,50,1,0,0
82,123,1,8,252.774650994244,50,1,0,0
NaN,NaN,NaN,NaN,NaN,50,1,0,0
NaN,NaN,NaN,NaN,NaN,50,1,0,0
NaN,NaN,NaN,NaN,NaN,50,1,0,0
73,253,2.94444444444444,1,36.4908885547282,51,1,0,0
67,246,2.88888888888889,2,2.49000713880198,51,1,0,0
71,251,3,3,36.1429806711118,51,1,0,0
77,244,3.16666666666667,4,16.5358547892772,51,1,0,0
74,248,3.11111111111111,5,31.488249187072,51,1,0,0
67,247,3,6,13.6586682047229,51,1,0,0
68,257,3,7,10.6408322143651,51,1,0,0
74,247,2.88888888888889,8,34.7414711631357,51,1,0,0
NaN,NaN,NaN,NaN,NaN,51,1,0,0
NaN,NaN,NaN,NaN,NaN,51,1,0,0
NaN,NaN,NaN,NaN,NaN,51,1,0,0
108,54,6.88888888888888,1,43.7538419936934,52,1,0,0
111,52,6.72222222222222,2,51.5863440102755,52,1,0,0
111,52,6.83333333333333,3,54.3619370791361,52,1,0,0
109,51,6.94444444444444,4,53.2315021773184,52,1,0,0
110,50,6.83333333333333,5,52.8646214615534,52,1,0,0
107,55,7,6,31.7462073031991,52,1,0,0
107,51,7,7,42.8176531207541,52,1,0,0
111,46,7,8,45.05242579218,52,1,0,0
NaN,NaN,NaN,NaN,NaN,52,1,0,0
NaN,NaN,NaN,NaN,NaN,52,1,0,0
NaN,NaN,NaN,NaN,NaN,52,1,0,0
78,227,6.77777777777777,1,42.4714107911213,53,1,0,0
78,223,6.72222222222222,2,46.4889552987943,53,1,0,0
78,223,6.83333333333333,3,38.582040931696,53,1,0,0
85,218,7,4,47.6929256739515,53,1,0,0
88,217,6.94444444444444,5,57.4534972097372,53,1,0,0
84,217,7,6,33.4100283898668,53,1,0,0
86,225,6,7,32.3416752182255,53,1,0,0
79,218,5.94444444444444,8,24.5094388611887,53,1,0,0
NaN,NaN,NaN,NaN,NaN,53,1,0,0
NaN,NaN,NaN,NaN,NaN,53,1,0,0
NaN,NaN,NaN,NaN,NaN,53,1,0,0
86,360,6.83333333333333,1,74.3259217125888,54,1,0,0
79,362,6.83333333333333,2,35.159095766732,54,1,0,0
89,365,6.94444444444445,3,52.5334838506869,54,1,0,0
90,360,7.11111111111111,4,45.7578760417042,54,1,0,0
90,361,7.05555555555556,5,45.599181535321,54,1,0,0
87,360,7,6,61.0564206222451,54,1,0,0
90,356,8,7,44.6798027242018,54,1,0,0
86,358,7.83333333333333,8,62.358185345814,54,1,0,0
NaN,NaN,NaN,NaN,NaN,54,1,0,0
NaN,NaN,NaN,NaN,NaN,54,1,0,0
NaN,NaN,NaN,NaN,NaN,54,1,0,0
106,18,0.611111111111111,1,279.108999647411,55,1,0,0
103,18,0.5,2,284.420837970236,55,1,0,0
106,18,0.611111111111112,3,325.335581526519,55,1,0,0
103,18,0.777777777777778,4,257.703066177,55,1,0,0
107,19,0.666666666666667,5,345.458024014315,55,1,0,0
104,18,0.888888888888889,6,313.426110316871,55,1,0,0
96,17,1,7,95.5003685131762,55,1,0,0
110,15,1,8,492.249853244686,55,1,0,0
NaN,NaN,NaN,NaN,NaN,55,1,0,0
NaN,NaN,NaN,NaN,NaN,55,1,0,0
NaN,NaN,NaN,NaN,NaN,55,1,0,0
55,282,3.66666666666667,1,72.8816560007922,56,1,0,0
56,282,3.66666666666667,2,105.549641467685,56,1,0,0
60,282,3.77777777777778,3,142.334843318148,56,1,0,0
63,293,3.94444444444445,4,124.380023618954,56,1,0,0
57,283,3.88888888888889,5,119.817667483372,56,1,0,0
60,293,3.83333333333333,6,126.5404799422,56,1,0,0
57,283,4,7,122.552502496943,56,1,0,0
60,286,4,8,146.465986203006,56,1,0,0
NaN,NaN,NaN,NaN,NaN,56,1,0,0
NaN,NaN,NaN,NaN,NaN,56,1,0,0
NaN,NaN,NaN,NaN,NaN,56,1,0,0
97,300,3.66666666666667,1,72.2163002921389,57,1,0,0
97,300,3.66666666666667,2,76.9155365101733,57,1,0,0
91,294,3.77777777777778,3,59.3364555580783,57,1,0,0
92,298,3.94444444444445,4,54.5245759772043,57,1,0,0
96,301,3.88888888888889,5,92.7665944655097,57,1,0,0
97,295,3.83333333333333,6,52.8212160248914,57,1,0,0
96,300,4,7,101.466250232882,57,1,0,0
95,302,3,8,81.1261135206792,57,1,0,0
NaN,NaN,NaN,NaN,NaN,57,1,0,0
NaN,NaN,NaN,NaN,NaN,57,1,0,0
NaN,NaN,NaN,NaN,NaN,57,1,0,0
96,265,6.72222222222221,1,35.35832167449,58,1,0,0
98,265,6.66666666666666,2,43.6683058796593,58,1,0,0
94,265,6.77777777777778,3,46.1268038192764,58,1,0,0
92,259,6.94444444444444,4,24.3561199335948,58,1,0,0
96,265,6.83333333333333,5,57.7922520082057,58,1,0,0
95,263,6.83333333333333,6,66.2164754196313,58,1,0,0
97,261,7,7,65.7394177824743,58,1,0,0
96,262,7,8,58.8226143911585,58,1,0,0
NaN,NaN,NaN,NaN,NaN,58,1,0,0
NaN,NaN,NaN,NaN,NaN,58,1,0,0
NaN,NaN,NaN,NaN,NaN,58,1,0,0
86,138,7.72222222222222,1,32.8251804373017,59,1,0,0
92,138,7.61111111111111,2,22.2133217197897,59,1,0,0
90,132,7.72222222222222,3,28.3127498023595,59,1,0,0
92,129,7.88888888888889,4,22.7136312918984,59,1,0,0
87,138,7.72222222222222,5,33.5219197621957,59,1,0,0
89,139,7.83333333333333,6,24.6213782073485,59,1,0,0
86,138,8,7,19.4992683620907,59,1,0,0
88,131,9,8,25.5191259317315,59,1,0,0
NaN,NaN,NaN,NaN,NaN,59,1,0,0
NaN,NaN,NaN,NaN,NaN,59,1,0,0
NaN,NaN,NaN,NaN,NaN,59,1,0,0
89,83,0.666666666666667,1,214.756261400106,60,1,0,0
89,81,0.611111111111111,2,192.076489063477,60,1,0,0
86,86,0.722222222222222,3,210.406613745615,60,1,0,0
86,83,0.833333333333333,4,176.987068817231,60,1,0,0
88,86,0.722222222222223,5,181.787977927603,60,1,0,0
89,86,0.888888888888889,6,168.681187100736,60,1,0,0
90,86,1,7,191.877622517641,60,1,0,0
88,84,1,8,253.421162978493,60,1,0,0
NaN,NaN,NaN,NaN,NaN,60,1,0,0
NaN,NaN,NaN,NaN,NaN,60,1,0,0
NaN,NaN,NaN,NaN,NaN,60,1,0,0
72,188,1.05555555555556,1,149.481537145363,61,1,0,0
75,190,0.944444444444445,2,143.203070147237,61,1,0,0
75,186,1.05555555555556,3,133.348779809845,61,1,0,0
70,192,1.16666666666667,4,137.521201864293,61,1,0,0
68,186,1,5,122.841749238481,61,1,0,0
70,188,1,6,133.63222117053,61,1,0,0
71,187,1.05555555555556,7,126.424355963515,61,1,0,0
67,190,1,8,173.189897872245,61,1,0,0
NaN,NaN,NaN,NaN,NaN,61,1,0,0
NaN,NaN,NaN,NaN,NaN,61,1,0,0
NaN,NaN,NaN,NaN,NaN,61,1,0,0
69,344,1,1,31.0206632918912,62,1,0,0
80,335,0.944444444444446,2,29.34471160521,62,1,0,0
76,335,1.05555555555556,3,25.0128411416028,62,1,0,0
70,346,1.22222222222222,4,32.9386908909646,62,1,0,0
80,335,1.16666666666667,5,27.8633790128164,62,1,0,0
70,335,1.11111111111111,6,33.1965945052629,62,1,0,0
80,338,1.16666666666667,7,28.6901841258467,62,1,0,0
69,335,1,8,16.4418547951178,62,1,0,0
NaN,NaN,NaN,NaN,NaN,62,1,0,0
NaN,NaN,NaN,NaN,NaN,62,1,0,0
NaN,NaN,NaN,NaN,NaN,62,1,0,0
83,175,4,1,52.3999655201963,63,1,0,0
87,172,3.88888888888889,2,27.2704492279209,63,1,0,0
87,165,4,3,23.6540211453498,63,1,0,0
77,176,4.11111111111111,4,49.6196885877867,63,1,0,0
86,175,3.94444444444445,5,75.7707751468883,63,1,0,0
76,170,4,6,39.0508072911253,63,1,0,0
86,172,4.11111111111111,7,67.2674937767485,63,1,0,0
75,175,4,8,39.1437497800259,63,1,0,0
NaN,NaN,NaN,NaN,NaN,63,1,0,0
NaN,NaN,NaN,NaN,NaN,63,1,0,0
NaN,NaN,NaN,NaN,NaN,63,1,0,0
84,291,3.83333333333333,1,236.775672239249,64,1,0,0
86,292,3.83333333333333,2,217.664213578582,64,1,0,0
82,293,3.94444444444445,3,145.470291362655,64,1,0,0
84,293,4.11111111111111,4,216.726118404449,64,1,0,0
86,293,4.05555555555556,5,175.918913610738,64,1,0,0
82,290,4,6,208.638650594234,64,1,0,0
84,293,4.16666666666667,7,179.487119030814,64,1,0,0
83,293,4,8,153.858535509655,64,1,0,0
NaN,NaN,NaN,NaN,NaN,64,1,0,0
NaN,NaN,NaN,NaN,NaN,64,1,0,0
NaN,NaN,NaN,NaN,NaN,64,1,0,0
55,170,4.83333333333333,1,42.272859236843,65,1,0,0
58,172,4.72222222222222,2,31.1191665182219,65,1,0,0
52,171,4.83333333333333,3,26.1612555531221,65,1,0,0
55,169,5,4,40.0444261950793,65,1,0,0
58,172,5,5,32.5783313258319,65,1,0,0
58,175,4.94444444444445,6,22.7925187031838,65,1,0,0
58,173,5.05555555555556,7,24.6004489497107,65,1,0,0
53,171,5,8,38.878002814779,65,1,0,0
NaN,NaN,NaN,NaN,NaN,65,1,0,0
NaN,NaN,NaN,NaN,NaN,65,1,0,0
NaN,NaN,NaN,NaN,NaN,65,1,0,0
120,141,6.88888888888889,1,50.2341437791163,66,1,0,0
120,141,6.77777777777778,2,68.6178963518421,66,1,0,0
122,151,6.88888888888889,3,90.7911960033834,66,1,0,0
120,146,7.11111111111111,4,92.4327059482211,66,1,0,0
124,141,7,5,62.5433572346393,66,1,0,0
120,149,7,6,94.7980903627643,66,1,0,0
120,145,7,7,50.3867877826322,66,1,0,0
122,147,7,8,76.3924977097163,66,1,0,0
NaN,NaN,NaN,NaN,NaN,66,1,0,0
NaN,NaN,NaN,NaN,NaN,66,1,0,0
NaN,NaN,NaN,NaN,NaN,66,1,0,0
92,275,6.88888888888889,1,48.8850111594582,67,1,0,0
90,275,6.88888888888889,2,17.0050594890223,67,1,0,0
85,285,7,3,34.1350524545986,67,1,0,0
90,283,7.16666666666667,4,32.4489668723093,67,1,0,0
86,281,7.11111111111111,5,46.9951129345058,67,1,0,0
86,281,7.05555555555556,6,50.1796872410137,67,1,0,0
86,281,7.16666666666667,7,41.0260282571607,67,1,0,0
85,283,7,8,24.3398268676228,67,1,0,0
NaN,NaN,NaN,NaN,NaN,67,1,0,0
NaN,NaN,NaN,NaN,NaN,67,1,0,0
NaN,NaN,NaN,NaN,NaN,67,1,0,0
73,107,0.388888888888889,1,58.956661711792,68,1,0,0
72,106,0.333333333333333,2,46.5669086878553,68,1,0,0
74,109,0.444444444444444,3,58.6270363880101,68,1,0,0
70,108,0.555555555555556,4,68.5544886245865,68,1,0,0
75,103,0.444444444444445,5,73.5274503395699,68,1,0,0
72,108,0.666666666666667,6,50.9402714731255,68,1,0,0
73,106,0.777777777777778,7,62.9662370016823,68,1,0,0
73,108,0.833333333333333,8,41.5170461265104,68,1,0,0
NaN,NaN,NaN,NaN,NaN,68,1,0,0
NaN,NaN,NaN,NaN,NaN,68,1,0,0
NaN,NaN,NaN,NaN,NaN,68,1,0,0
108,14,2.5,1,315.156266315753,69,1,0,0
110,14,2.38888888888889,2,795.93471721418,69,1,0,0
113,11,2.5,3,1140.97144058863,69,1,0,0
111,10,2.66666666666667,4,1092.36335336602,69,1,0,0
106,14,2.55555555555555,5,305.232418701883,69,1,0,0
113,14,2.77777777777778,6,769.125591867524,69,1,0,0
110,11,2.88888888888889,7,1116.67590684484,69,1,0,0
108,12,2.88888888888889,8,874.979753439342,69,1,0,0
NaN,NaN,NaN,NaN,NaN,69,1,0,0
NaN,NaN,NaN,NaN,NaN,69,1,0,0
NaN,NaN,NaN,NaN,NaN,69,1,0,0
100,191,5.66666666666667,1,56.800992835138,70,1,0,0
106,191,5.5,2,34.6923059305993,70,1,0,0
105,191,5.61111111111111,3,40.456572232795,70,1,0,0
97,201,5.72222222222222,4,39.3841491732832,70,1,0,0
97,193,5.61111111111111,5,65.401815584669,70,1,0,0
99,191,5.83333333333333,6,93.4046237464113,70,1,0,0
100,191,6,7,78.0502433652168,70,1,0,0
103,190,5.88888888888889,8,73.9652282932302,70,1,0,0
NaN,NaN,NaN,NaN,NaN,70,1,0,0
NaN,NaN,NaN,NaN,NaN,70,1,0,0
NaN,NaN,NaN,NaN,NaN,70,1,0,0
92,381,6.77777777777777,1,76.9293471672923,71,1,0,0
93,381,6.77777777777778,2,76.9543028109683,71,1,0,0
89,383,6.88888888888889,3,84.7467851556119,71,1,0,0
88,382,7.05555555555555,4,102.925298744499,71,1,0,0
88,383,7,5,98.5316140656372,71,1,0,0
84,381,6.94444444444445,6,83.601949233867,71,1,0,0
93,381,7.11111111111111,7,36.8757279505127,71,1,0,0
92,384,6.94444444444444,8,54.1729704801663,71,1,0,0
NaN,NaN,NaN,NaN,NaN,71,1,0,0
NaN,NaN,NaN,NaN,NaN,71,1,0,0
NaN,NaN,NaN,NaN,NaN,71,1,0,0
68,298,7.88888888888889,1,66.066859575816,72,1,0,0
71,306,7.83333333333333,2,36.2901244819907,72,1,0,0
71,308,7.88888888888889,3,22.7680339513503,72,1,0,0
68,302,8.05555555555556,4,63.7139758349346,72,1,0,0
72,298,8,5,69.0448407084531,72,1,0,0
72,301,7.94444444444445,6,57.1108298038926,72,1,0,0
68,298,8.11111111111111,7,74.759584241336,72,1,0,0
71,298,7.94444444444444,8,81.6524005357891,72,1,0,0
NaN,NaN,NaN,NaN,NaN,72,1,0,0
NaN,NaN,NaN,NaN,NaN,72,1,0,0
NaN,NaN,NaN,NaN,NaN,72,1,0,0
65,292,8.77777777777778,1,43.5662485599526,73,1,0,0
65,290,8.77777777777778,2,45.7766955448235,73,1,0,0
67,295,8.88888888888889,3,61.5962332520158,73,1,0,0
71,294,9.05555555555556,4,48.5216439455543,73,1,0,0
63,290,9,5,45.1332655790714,73,1,0,0
66,295,8.94444444444445,6,58.5576079043948,73,1,0,0
69,295,9.11111111111111,7,71.1962327278964,73,1,0,0
60,295,8.94444444444444,8,40.0941678011893,73,1,0,0
NaN,NaN,NaN,NaN,NaN,73,1,0,0
NaN,NaN,NaN,NaN,NaN,73,1,0,0
NaN,NaN,NaN,NaN,NaN,73,1,0,0
60,157,0.777777777777779,1,66.915148359271,74,1,0,0
58,160,0.666666666666667,2,60.455853858462,74,1,0,0
58,161,0.777777777777778,3,63.4043134136966,74,1,0,0
61,155,0.88888888888889,4,113.942505390176,74,1,0,0
63,153,0.666666666666667,5,107.71565369707,74,1,0,0
62,159,0.777777777777778,6,110.121210357781,74,1,0,0
61,160,0.888888888888889,7,94.3535326651973,74,1,0,0
59,160,0.833333333333333,8,99.2981225317524,74,1,0,0
NaN,NaN,NaN,NaN,NaN,74,1,0,0
NaN,NaN,NaN,NaN,NaN,74,1,0,0
NaN,NaN,NaN,NaN,NaN,74,1,0,0
85,160,0.833333333333334,1,250.328401719444,75,1,0,0
85,162,0.722222222222223,2,186.747710355013,75,1,0,0
84,162,0.833333333333334,3,271.610962909872,75,1,0,0
84,166,0.944444444444445,4,142.478750395325,75,1,0,0
81,157,0.777777777777778,5,143.495916791584,75,1,0,0
85,165,0.833333333333334,6,242.482683680071,75,1,0,0
81,164,0.944444444444445,7,192.214450675714,75,1,0,0
84,162,0.888888888888889,8,233.82170840687,75,1,0,0
NaN,NaN,NaN,NaN,NaN,75,1,0,0
NaN,NaN,NaN,NaN,NaN,75,1,0,0
NaN,NaN,NaN,NaN,NaN,75,1,0,0
72,170,0.611111111111113,1,248.20093099168,76,1,0,0
68,169,0.500000000000001,2,92.3414611817427,76,1,0,0
75,170,0.611111111111112,3,192.926772175847,76,1,0,0
73,170,0.777777777777779,4,200.172594551274,76,1,0,0
74,169,0.666666666666667,5,203.979828934254,76,1,0,0
72,172,0.777777777777778,6,248.792654951279,76,1,0,0
74,170,0.888888888888889,7,265.225966896699,76,1,0,0
73,174,0.833333333333333,8,232.787695583961,76,1,0,0
NaN,NaN,NaN,NaN,NaN,76,1,0,0
NaN,NaN,NaN,NaN,NaN,76,1,0,0
NaN,NaN,NaN,NaN,NaN,76,1,0,0
78,201,1.72222222222222,1,387.299945641428,77,1,0,0
79,205,1.61111111111111,2,293.386953147342,77,1,0,0
78,199,1.72222222222222,3,363.930378812646,77,1,0,0
78,200,1.88888888888889,4,352.98704435621,77,1,0,0
75,205,1.77777777777778,5,312.541568360025,77,1,0,0
77,203,1.88888888888889,6,429.877560762477,77,1,0,0
78,205,1.94444444444445,7,394.411947541741,77,1,0,0
77,205,1.88888888888889,8,363.846102476732,77,1,0,0
NaN,NaN,NaN,NaN,NaN,77,1,0,0
NaN,NaN,NaN,NaN,NaN,77,1,0,0
NaN,NaN,NaN,NaN,NaN,77,1,0,0
99,164,2.55555555555556,1,121.821481088307,78,1,0,0
93,168,2.44444444444445,2,164.61614906824,78,1,0,0
98,167,2.61111111111111,3,155.974067360864,78,1,0,0
97,169,2.77777777777778,4,194.114165584728,78,1,0,0
98,170,2.77777777777778,5,112.796071378361,78,1,0,0
96,162,2.83333333333333,6,205.062895318207,78,1,0,0
96,167,3,7,158.688008787172,78,1,0,0
91,172,2.88888888888889,8,89.2129730150179,78,1,0,0
NaN,NaN,NaN,NaN,NaN,78,1,0,0
NaN,NaN,NaN,NaN,NaN,78,1,0,0
NaN,NaN,NaN,NaN,NaN,78,1,0,0
74,358,2.88888888888889,1,176.629824378416,79,1,0,0
73,359,2.83333333333333,2,174.988079687426,79,1,0,0
74,357,2.94444444444445,3,186.826429012806,79,1,0,0
75,356,3.11111111111111,4,141.612499962443,79,1,0,0
73,361,3.05555555555556,5,208.710656933096,79,1,0,0
74,357,3,6,197.73008439186,79,1,0,0
74,359,3.05555555555555,7,179.738669062603,79,1,0,0
73,358,2.88888888888889,8,177.897191424322,79,1,0,0
NaN,NaN,NaN,NaN,NaN,79,1,0,0
NaN,NaN,NaN,NaN,NaN,79,1,0,0
NaN,NaN,NaN,NaN,NaN,79,1,0,0
52,162,3.94444444444444,1,158.7789610024,80,1,0,0
51,160,3.83333333333333,2,146.358086401293,80,1,0,0
53,158,3.94444444444445,3,124.752756938604,80,1,0,0
55,164,4.11111111111111,4,49.0095510740968,80,1,0,0
52,159,4,5,108.517186315889,80,1,0,0
53,164,3.88888888888889,6,128.230774585887,80,1,0,0
53,160,4,7,150.250460798111,80,1,0,0
56,160,3.94444444444444,8,109.184647457254,80,1,0,0
NaN,NaN,NaN,NaN,NaN,80,1,0,0
NaN,NaN,NaN,NaN,NaN,80,1,0,0
NaN,NaN,NaN,NaN,NaN,80,1,0,0
56,277,3.66666666666667,1,139.336207035171,81,1,0,0
53,277,3.66666666666667,2,187.525799732046,81,1,0,0
56,277,3.77777777777778,3,66.3043940895817,81,1,0,0
51,280,3.94444444444444,4,217.654021718742,81,1,0,0
49,281,3.88888888888889,5,115.712123482997,81,1,0,0
57,278,3.88888888888889,6,97.1583459225959,81,1,0,0
54,277,3.94444444444444,7,118.834779757402,81,1,0,0
53,283,3.77777777777778,8,234.253389903338,81,1,0,0
NaN,NaN,NaN,NaN,NaN,81,1,0,0
NaN,NaN,NaN,NaN,NaN,81,1,0,0
NaN,NaN,NaN,NaN,NaN,81,1,0,0
100,197,5.38888888888888,1,41.4540701066531,82,1,0,0
103,200,5.22222222222222,2,40.1689940037244,82,1,0,0
99,201,5.33333333333333,3,49.45975269931,82,1,0,0
103,205,5.44444444444444,4,17.9170828018023,82,1,0,0
96,207,5.33333333333333,5,20.6890969579616,82,1,0,0
100,198,5.55555555555555,6,60.2586732676127,82,1,0,0
103,199,5.72222222222222,7,49.5697045534126,82,1,0,0
102,199,5.72222222222222,8,41.9925905258355,82,1,0,0
NaN,NaN,NaN,NaN,NaN,82,1,0,0
NaN,NaN,NaN,NaN,NaN,82,1,0,0
NaN,NaN,NaN,NaN,NaN,82,1,0,0
37,215,5.6111111111111,1,40.4193885310547,83,1,0,0
37,209,5.6111111111111,2,48.8894844400027,83,1,0,0
37,215,5.72222222222222,3,77.5730673147849,83,1,0,0
41,215,5.88888888888888,4,40.4475107618048,83,1,0,0
36,205,5.77777777777777,5,47.2538990353661,83,1,0,0
39,205,5.83333333333333,6,36.260606148039,83,1,0,0
39,215,5.88888888888889,7,39.6039015485326,83,1,0,0
39,215,5.94444444444444,8,46.0135811724859,83,1,0,0
NaN,NaN,NaN,NaN,NaN,83,1,0,0
NaN,NaN,NaN,NaN,NaN,83,1,0,0
NaN,NaN,NaN,NaN,NaN,83,1,0,0
125,44,6.44444444444443,1,36.4215921761853,84,1,0,0
119,40,6.33333333333332,2,13.4417203000281,84,1,0,0
125,42,6.44444444444443,3,35.105786202586,84,1,0,0
123,45,6.6111111111111,4,35.5888131910397,84,1,0,0
120,48,6.49999999999999,5,8.32061051201561,84,1,0,0
118,38,6.66666666666666,6,9.39873345766365,84,1,0,0
118,47,6.77777777777777,7,17.1361016052683,84,1,0,0
122,43,6.77777777777778,8,47.0733984029861,84,1,0,0
NaN,NaN,NaN,NaN,NaN,84,1,0,0
NaN,NaN,NaN,NaN,NaN,84,1,0,0
NaN,NaN,NaN,NaN,NaN,84,1,0,0
109,156,6.6111111111111,1,16.3634252883409,85,1,0,0
117,158,6.49999999999999,2,59.0473327365175,85,1,0,0
119,158,6.6111111111111,3,58.4147211473356,85,1,0,0
119,156,6.77777777777777,4,57.4108970855579,85,1,0,0
117,159,6.6111111111111,5,54.876943007823,85,1,0,0
119,152,6.6111111111111,6,78.6068704709757,85,1,0,0
119,158,6.72222222222222,7,54.4403768549037,85,1,0,0
118,148,6.72222222222222,8,66.8825541780681,85,1,0,0
NaN,NaN,NaN,NaN,NaN,85,1,0,0
NaN,NaN,NaN,NaN,NaN,85,1,0,0
NaN,NaN,NaN,NaN,NaN,85,1,0,0
84,190,7.72222222222222,1,69.1451074713176,86,1,0,0
87,200,7.61111111111111,2,36.9791818336522,86,1,0,0
88,190,7.72222222222222,3,85.4733185216138,86,1,0,0
86,191,7.88888888888889,4,64.3138787444483,86,1,0,0
90,190,7.77777777777778,5,82.6510329396614,86,1,0,0
88,190,7.94444444444445,6,85.4550409227147,86,1,0,0
88,197,8,7,32.8752218616103,86,1,0,0
88,190,7.94444444444444,8,79.6704349465212,86,1,0,0
NaN,NaN,NaN,NaN,NaN,86,1,0,0
NaN,NaN,NaN,NaN,NaN,86,1,0,0
NaN,NaN,NaN,NaN,NaN,86,1,0,0
84,288,7.55555555555555,1,32.5236271066049,87,1,0,0
82,297,7.55555555555555,2,51.0393930301008,87,1,0,0
83,292,7.66666666666666,3,47.5073956696356,87,1,0,0
87,298,7.83333333333333,4,46.8959067829479,87,1,0,0
81,298,7.77777777777777,5,57.1770541997898,87,1,0,0
87,298,7.72222222222222,6,50.8371012523619,87,1,0,0
83,288,7.88888888888889,7,26.2422286738808,87,1,0,0
84,298,7.77777777777778,8,54.9096474168012,87,1,0,0
NaN,NaN,NaN,NaN,NaN,87,1,0,0
NaN,NaN,NaN,NaN,NaN,87,1,0,0
NaN,NaN,NaN,NaN,NaN,87,1,0,0
